capture,frame,epoch,emm_type,id_type,emm_cause,mcc,mnc,cipher,integrity
C1,1,1893520800.000,0x48,,,311,480,,
C1,2,1893520801.000,0x5d,,,311,480,2,2
C1,3,1893520802.000,0x49,,,,,,
C1,4,1893522600.000,0x48,,,311,480,,
C1,5,1893522601.000,0x5d,,,311,480,2,2
C1,6,1893522602.000,0x49,,,,,,
C1,7,1893524400.000,0x48,,,311,480,,
C1,8,1893524401.000,0x5d,,,311,480,2,2
C1,9,1893524402.000,0x49,,,,,,
C1,10,1893526200.000,0x48,,,311,480,,
C1,11,1893526201.000,0x5d,,,311,480,2,2
C1,12,1893526202.000,0x49,,,,,,
C1,13,1893528000.000,0x48,,,311,480,,
C1,14,1893528001.000,0x5d,,,311,480,2,2
C1,15,1893528002.000,0x49,,,,,,
C1,16,1893529800.000,0x48,,,311,480,,
C1,17,1893529801.000,0x5d,,,311,480,2,2
C1,18,1893529802.000,0x49,,,,,,
C1,19,1893531600.000,0x48,,,311,480,,
C1,20,1893531601.000,0x5d,,,311,480,2,2
C1,21,1893531602.000,0x49,,,,,,
C1,22,1893533400.000,0x48,,,311,480,,
C1,23,1893533401.000,0x5d,,,311,480,2,2
C1,24,1893533402.000,0x49,,,,,,
C1,25,1893535200.000,0x48,,,311,480,,
C1,26,1893535201.000,0x5d,,,311,480,2,2
C1,27,1893535202.000,0x49,,,,,,
C1,28,1893537000.000,0x48,,,311,480,,
C1,29,1893537001.000,0x5d,,,311,480,2,2
C1,30,1893537002.000,0x49,,,,,,
C1,31,1893538800.000,0x48,,,311,480,,
C1,32,1893538801.000,0x5d,,,311,480,2,2
C1,33,1893538802.000,0x49,,,,,,
C1,34,1893540600.000,0x48,,,311,480,,
C1,35,1893540601.000,0x5d,,,311,480,2,2
C1,36,1893540602.000,0x49,,,,,,
C1,37,1893542400.000,0x48,,,311,480,,
C1,38,1893542401.000,0x5d,,,311,480,2,2
C1,39,1893542402.000,0x49,,,,,,
C1,40,1893544200.000,0x48,,,311,480,,
C1,41,1893544201.000,0x5d,,,311,480,2,2
C1,42,1893544202.000,0x49,,,,,,
C1,43,1893546000.000,0x48,,,311,480,,
C1,44,1893546001.000,0x5d,,,311,480,2,2
C1,45,1893546002.000,0x49,,,,,,
C1,46,1893547800.000,0x48,,,311,480,,
C1,47,1893547801.000,0x5d,,,311,480,2,2
C1,48,1893547802.000,0x49,,,,,,
C1,49,1893549600.000,0x48,,,311,480,,
C1,50,1893549601.000,0x5d,,,311,480,2,2
C1,51,1893549602.000,0x49,,,,,,
C1,52,1893551400.000,0x48,,,311,480,,
C1,53,1893551401.000,0x5d,,,311,480,2,2
C1,54,1893551402.000,0x49,,,,,,
C1,55,1893553200.000,0x48,,,311,480,,
C1,56,1893553201.000,0x5d,,,311,480,2,2
C1,57,1893553202.000,0x49,,,,,,
C1,58,1893555000.000,0x48,,,311,480,,
C1,59,1893555001.000,0x5d,,,311,480,2,2
C1,60,1893555002.000,0x49,,,,,,
C1,61,1893556800.000,0x48,,,311,480,,
C1,62,1893556801.000,0x5d,,,311,480,2,2
C1,63,1893556802.000,0x49,,,,,,
C1,64,1893558600.000,0x48,,,311,480,,
C1,65,1893558601.000,0x5d,,,311,480,2,2
C1,66,1893558602.000,0x49,,,,,,
C1,67,1893560400.000,0x48,,,311,480,,
C1,68,1893560401.000,0x5d,,,311,480,2,2
C1,69,1893560402.000,0x49,,,,,,
C1,70,1893562200.000,0x48,,,311,480,,
C1,71,1893562201.000,0x5d,,,311,480,2,2
C1,72,1893562202.000,0x49,,,,,,
C1,73,1893564000.000,0x48,,,311,480,,
C1,74,1893564001.000,0x5d,,,311,480,2,2
C1,75,1893564002.000,0x49,,,,,,
C1,76,1893565800.000,0x48,,,311,480,,
C1,77,1893565801.000,0x5d,,,311,480,2,2
C1,78,1893565802.000,0x49,,,,,,
C1,79,1893567600.000,0x48,,,311,480,,
C1,80,1893567601.000,0x5d,,,311,480,2,2
C1,81,1893567602.000,0x49,,,,,,
C1,82,1893569400.000,0x48,,,311,480,,
C1,83,1893569401.000,0x5d,,,311,480,2,2
C1,84,1893569402.000,0x49,,,,,,
C1,85,1893571200.000,0x48,,,311,480,,
C1,86,1893571201.000,0x5d,,,311,480,2,2
C1,87,1893571202.000,0x49,,,,,,
C1,88,1893573000.000,0x48,,,311,480,,
C1,89,1893573001.000,0x5d,,,311,480,2,2
C1,90,1893573002.000,0x49,,,,,,
C1,91,1893574800.000,0x48,,,311,480,,
C1,92,1893574801.000,0x5d,,,311,480,2,2
C1,93,1893574802.000,0x49,,,,,,
C1,94,1893576600.000,0x48,,,311,480,,
C1,95,1893576601.000,0x5d,,,311,480,2,2
C1,96,1893576602.000,0x49,,,,,,
C1,97,1893578400.000,0x48,,,311,480,,
C1,98,1893578401.000,0x5d,,,311,480,2,2
C1,99,1893578402.000,0x49,,,,,,
C1,100,1893580200.000,0x48,,,311,480,,
C1,101,1893580201.000,0x5d,,,311,480,2,2
C1,102,1893580202.000,0x49,,,,,,
C1,103,1893582000.000,0x48,,,311,480,,
C1,104,1893582001.000,0x5d,,,311,480,2,2
C1,105,1893582002.000,0x49,,,,,,
C1,106,1893583800.000,0x48,,,311,480,,
C1,107,1893583801.000,0x5d,,,311,480,2,2
C1,108,1893583802.000,0x49,,,,,,
C1,109,1893585960.000,0x55,2,,,,,
C1,110,1893585961.200,0x56,,,310,240,,
C1,111,1893585962.000,0x55,1,,,,,
C1,112,1893585963.100,0x56,,,310,240,,
C1,113,1893586005.000,0x55,2,,,,,
C1,114,1893586006.200,0x56,,,310,240,,
C1,115,1893586007.000,0x55,1,,,,,
C1,116,1893586008.100,0x56,,,310,240,,
C1,117,1893586050.000,0x55,2,,,,,
C1,118,1893586051.200,0x56,,,310,240,,
C1,119,1893586052.000,0x55,1,,,,,
C1,120,1893586053.100,0x56,,,310,240,,
C1,121,1893586095.000,0x55,2,,,,,
C1,122,1893586096.200,0x56,,,310,240,,
C1,123,1893586097.000,0x55,1,,,,,
C1,124,1893586098.100,0x56,,,310,240,,
C1,125,1893586140.000,0x55,2,,,,,
C1,126,1893586141.200,0x56,,,310,240,,
C1,127,1893586142.000,0x55,1,,,,,
C1,128,1893586143.100,0x56,,,310,240,,
C1,129,1893586185.000,0x55,2,,,,,
C1,130,1893586186.200,0x56,,,310,240,,
C1,131,1893586187.000,0x55,1,,,,,
C1,132,1893586188.100,0x56,,,310,240,,
C1,133,1893586230.000,0x55,2,,,,,
C1,134,1893586231.200,0x56,,,310,240,,
C1,135,1893586232.000,0x55,1,,,,,
C1,136,1893586233.100,0x56,,,310,240,,
C1,137,1893586275.000,0x55,2,,,,,
C1,138,1893586276.200,0x56,,,310,240,,
C1,139,1893586277.000,0x55,1,,,,,
C1,140,1893586278.100,0x56,,,310,240,,
C1,141,1893586322.000,0x55,1,,,,,
C1,142,1893586323.100,0x56,,,310,240,,
C1,143,1893586367.000,0x55,1,,,,,
C1,144,1893586368.100,0x56,,,310,240,,
C1,145,1893586412.000,0x55,1,,,,,
C1,146,1893586413.100,0x56,,,310,240,,
C1,147,1893586457.000,0x55,1,,,,,
C1,148,1893586458.100,0x56,,,310,240,,
C1,149,1893586502.000,0x55,1,,,,,
C1,150,1893586503.100,0x56,,,310,240,,
C1,151,1893586547.000,0x55,1,,,,,
C1,152,1893586548.100,0x56,,,310,240,,
C1,153,1893586595.000,0x44,,15,,,,
C1,154,1893586620.000,0x5d,,,311,480,2,2
C1,155,1893588960.000,0x55,2,,,,,
C1,156,1893588961.200,0x56,,,310,240,,
C1,157,1893588962.000,0x55,1,,,,,
C1,158,1893588963.100,0x56,,,310,240,,
C1,159,1893589050.000,0x55,2,,,,,
C1,160,1893589051.200,0x56,,,310,240,,
C1,161,1893589052.000,0x55,1,,,,,
C1,162,1893589053.100,0x56,,,310,240,,
C1,163,1893589140.000,0x55,2,,,,,
C1,164,1893589141.200,0x56,,,310,240,,
C1,165,1893589142.000,0x55,1,,,,,
C1,166,1893589143.100,0x56,,,310,240,,
C1,167,1893589230.000,0x55,2,,,,,
C1,168,1893589231.200,0x56,,,310,240,,
C1,169,1893589232.000,0x55,1,,,,,
C1,170,1893589233.100,0x56,,,310,240,,
C1,171,1893589320.000,0x55,2,,,,,
C1,172,1893589321.200,0x56,,,310,240,,
C1,173,1893589322.000,0x55,1,,,,,
C1,174,1893589323.100,0x56,,,310,240,,
C1,175,1893589410.000,0x55,2,,,,,
C1,176,1893589411.200,0x56,,,310,240,,
C1,177,1893589412.000,0x55,1,,,,,
C1,178,1893589413.100,0x56,,,310,240,,
C1,179,1893589500.000,0x55,2,,,,,
C1,180,1893589501.200,0x56,,,310,240,,
C1,181,1893589502.000,0x55,1,,,,,
C1,182,1893589503.100,0x56,,,310,240,,
C1,183,1893589592.000,0x55,1,,,,,
C1,184,1893589593.100,0x56,,,310,240,,
C1,185,1893589682.000,0x55,1,,,,,
C1,186,1893589683.100,0x56,,,310,240,,
C1,187,1893589772.000,0x55,1,,,,,
C1,188,1893589773.100,0x56,,,310,240,,
C1,189,1893589862.000,0x55,1,,,,,
C1,190,1893589863.100,0x56,,,310,240,,
C1,191,1893589952.000,0x55,1,,,,,
C1,192,1893589953.100,0x56,,,310,240,,
C1,193,1893590042.000,0x55,1,,,,,
C1,194,1893590043.100,0x56,,,310,240,,
C1,195,1893590132.000,0x55,1,,,,,
C1,196,1893590133.100,0x56,,,310,240,,
C1,197,1893590225.000,0x44,,15,,,,
C1,198,1893590250.000,0x5d,,,311,480,2,2
C1,199,1893599460.000,0x55,2,,,,,
C1,200,1893599461.200,0x56,,,310,240,,
C1,201,1893599462.000,0x55,1,,,,,
C1,202,1893599463.100,0x56,,,310,240,,
C1,203,1893599580.000,0x55,2,,,,,
C1,204,1893599581.200,0x56,,,310,240,,
C1,205,1893599582.000,0x55,1,,,,,
C1,206,1893599583.100,0x56,,,310,240,,
C1,207,1893599700.000,0x55,2,,,,,
C1,208,1893599701.200,0x56,,,310,240,,
C1,209,1893599702.000,0x55,1,,,,,
C1,210,1893599703.100,0x56,,,310,240,,
C1,211,1893599820.000,0x55,2,,,,,
C1,212,1893599821.200,0x56,,,310,240,,
C1,213,1893599822.000,0x55,1,,,,,
C1,214,1893599823.100,0x56,,,310,240,,
C1,215,1893599940.000,0x55,2,,,,,
C1,216,1893599941.200,0x56,,,310,240,,
C1,217,1893599942.000,0x55,1,,,,,
C1,218,1893599943.100,0x56,,,310,240,,
C1,219,1893600062.000,0x55,1,,,,,
C1,220,1893600063.100,0x56,,,310,240,,
C1,221,1893600182.000,0x55,1,,,,,
C1,222,1893600183.100,0x56,,,310,240,,
C1,223,1893600302.000,0x55,1,,,,,
C1,224,1893600303.100,0x56,,,310,240,,
C1,225,1893600422.000,0x55,1,,,,,
C1,226,1893600423.100,0x56,,,310,240,,
C1,227,1893600542.000,0x55,1,,,,,
C1,228,1893600543.100,0x56,,,310,240,,
C1,229,1893600662.000,0x55,1,,,,,
C1,230,1893600663.100,0x56,,,310,240,,
C1,231,1893600782.000,0x55,1,,,,,
C1,232,1893600783.100,0x56,,,310,240,,
C1,233,1893600905.000,0x44,,15,,,,
C1,234,1893600930.000,0x5d,,,311,480,2,2
C1,235,1893607200.000,0x48,,,311,480,,
C1,236,1893607201.000,0x5d,,,311,480,2,2
C1,237,1893607202.000,0x49,,,,,,
C1,238,1893609000.000,0x48,,,311,480,,
C1,239,1893609001.000,0x5d,,,311,480,2,2
C1,240,1893609002.000,0x49,,,,,,
C1,241,1893610800.000,0x48,,,311,480,,
C1,242,1893610801.000,0x5d,,,311,480,2,2
C1,243,1893610802.000,0x49,,,,,,
C1,244,1893612600.000,0x48,,,311,480,,
C1,245,1893612601.000,0x5d,,,311,480,2,2
C1,246,1893612602.000,0x49,,,,,,
C1,247,1893614400.000,0x48,,,311,480,,
C1,248,1893614401.000,0x5d,,,311,480,2,2
C1,249,1893614402.000,0x49,,,,,,
C1,250,1893616200.000,0x48,,,311,480,,
C1,251,1893616201.000,0x5d,,,311,480,2,2
C1,252,1893616202.000,0x49,,,,,,
C1,253,1893618000.000,0x48,,,311,480,,
C1,254,1893618001.000,0x5d,,,311,480,2,2
C1,255,1893618002.000,0x49,,,,,,
C1,256,1893619800.000,0x48,,,311,480,,
C1,257,1893619801.000,0x5d,,,311,480,2,2
C1,258,1893619802.000,0x49,,,,,,
C1,259,1893621600.000,0x48,,,311,480,,
C1,260,1893621601.000,0x5d,,,311,480,2,2
C1,261,1893621602.000,0x49,,,,,,
C1,262,1893623400.000,0x48,,,311,480,,
C1,263,1893623401.000,0x5d,,,311,480,2,2
C1,264,1893623402.000,0x49,,,,,,
C1,265,1893625200.000,0x48,,,311,480,,
C1,266,1893625201.000,0x5d,,,311,480,2,2
C1,267,1893625202.000,0x49,,,,,,
C1,268,1893627000.000,0x48,,,311,480,,
C1,269,1893627001.000,0x5d,,,311,480,2,2
C1,270,1893627002.000,0x49,,,,,,
C1,271,1893628800.000,0x48,,,311,480,,
C1,272,1893628801.000,0x5d,,,311,480,2,2
C1,273,1893628802.000,0x49,,,,,,
C1,274,1893630600.000,0x48,,,311,480,,
C1,275,1893630601.000,0x5d,,,311,480,2,2
C1,276,1893630602.000,0x49,,,,,,
C1,277,1893632400.000,0x48,,,311,480,,
C1,278,1893632401.000,0x5d,,,311,480,2,2
C1,279,1893632402.000,0x49,,,,,,
C1,280,1893634200.000,0x48,,,311,480,,
C1,281,1893634201.000,0x5d,,,311,480,2,2
C1,282,1893634202.000,0x49,,,,,,
C1,283,1893636000.000,0x48,,,311,480,,
C1,284,1893636001.000,0x5d,,,311,480,2,2
C1,285,1893636002.000,0x49,,,,,,
C1,286,1893637800.000,0x48,,,311,480,,
C1,287,1893637801.000,0x5d,,,311,480,2,2
C1,288,1893637802.000,0x49,,,,,,
C1,289,1893639600.000,0x48,,,311,480,,
C1,290,1893639601.000,0x5d,,,311,480,2,2
C1,291,1893639602.000,0x49,,,,,,
C1,292,1893641400.000,0x48,,,311,480,,
C1,293,1893641401.000,0x5d,,,311,480,2,2
C1,294,1893641402.000,0x49,,,,,,
C1,295,1893643200.000,0x48,,,311,480,,
C1,296,1893643201.000,0x5d,,,311,480,2,2
C1,297,1893643202.000,0x49,,,,,,
C1,298,1893645000.000,0x48,,,311,480,,
C1,299,1893645001.000,0x5d,,,311,480,2,2
C1,300,1893645002.000,0x49,,,,,,
C1,301,1893646800.000,0x48,,,311,480,,
C1,302,1893646801.000,0x5d,,,311,480,2,2
C1,303,1893646802.000,0x49,,,,,,
C1,304,1893648600.000,0x48,,,311,480,,
C1,305,1893648601.000,0x5d,,,311,480,2,2
C1,306,1893648602.000,0x49,,,,,,
C2,307,1893657600.000,0x48,,,311,480,,
C2,308,1893657601.000,0x5d,,,311,480,2,2
C2,309,1893657602.000,0x49,,,,,,
C2,310,1893659400.000,0x48,,,311,480,,
C2,311,1893659401.000,0x5d,,,311,480,2,2
C2,312,1893659402.000,0x49,,,,,,
C2,313,1893661200.000,0x48,,,311,480,,
C2,314,1893661201.000,0x5d,,,311,480,2,2
C2,315,1893661202.000,0x49,,,,,,
C2,316,1893663000.000,0x48,,,311,480,,
C2,317,1893663001.000,0x5d,,,311,480,2,2
C2,318,1893663002.000,0x49,,,,,,
C2,319,1893664800.000,0x48,,,311,480,,
C2,320,1893664801.000,0x5d,,,311,480,2,2
C2,321,1893664802.000,0x49,,,,,,
C2,322,1893666600.000,0x48,,,311,480,,
C2,323,1893666601.000,0x5d,,,311,480,2,2
C2,324,1893666602.000,0x49,,,,,,
C2,325,1893668400.000,0x48,,,311,480,,
C2,326,1893668401.000,0x5d,,,311,480,2,2
C2,327,1893668402.000,0x49,,,,,,
C2,328,1893670200.000,0x48,,,311,480,,
C2,329,1893670201.000,0x5d,,,311,480,2,2
C2,330,1893670202.000,0x49,,,,,,
C2,331,1893672000.000,0x48,,,311,480,,
C2,332,1893672001.000,0x5d,,,311,480,2,2
C2,333,1893672002.000,0x49,,,,,,
C2,334,1893673800.000,0x48,,,311,480,,
C2,335,1893673801.000,0x5d,,,311,480,2,2
C2,336,1893673802.000,0x49,,,,,,
C2,337,1893675600.000,0x48,,,311,480,,
C2,338,1893675601.000,0x5d,,,311,480,2,2
C2,339,1893675602.000,0x49,,,,,,
C2,340,1893677400.000,0x48,,,311,480,,
C2,341,1893677401.000,0x5d,,,311,480,2,2
C2,342,1893677402.000,0x49,,,,,,
C2,343,1893682140.000,0x55,2,,,,,
C2,344,1893682141.200,0x56,,,310,240,,
C2,345,1893682142.000,0x55,1,,,,,
C2,346,1893682143.100,0x56,,,310,240,,
C2,347,1893682185.000,0x55,2,,,,,
C2,348,1893682186.200,0x56,,,310,240,,
C2,349,1893682187.000,0x55,1,,,,,
C2,350,1893682188.100,0x56,,,310,240,,
C2,351,1893682232.000,0x55,1,,,,,
C2,352,1893682233.100,0x56,,,310,240,,
C2,353,1893682277.000,0x55,1,,,,,
C2,354,1893682278.100,0x56,,,310,240,,
C2,355,1893682325.000,0x44,,15,,,,
C2,356,1893682350.000,0x5d,,,311,480,2,2
C2,357,1893683100.000,0x55,2,,,,,
C2,358,1893683101.200,0x56,,,310,240,,
C2,359,1893683102.000,0x55,1,,,,,
C2,360,1893683103.100,0x56,,,310,240,,
C2,361,1893683145.000,0x55,2,,,,,
C2,362,1893683146.200,0x56,,,310,240,,
C2,363,1893683147.000,0x55,1,,,,,
C2,364,1893683148.100,0x56,,,310,240,,
C2,365,1893683192.000,0x55,1,,,,,
C2,366,1893683193.100,0x56,,,310,240,,
C2,367,1893683237.000,0x55,1,,,,,
C2,368,1893683238.100,0x56,,,310,240,,
C2,369,1893683285.000,0x44,,15,,,,
C2,370,1893683310.000,0x5d,,,311,480,2,2
C2,371,1893690000.000,0x48,,,311,480,,
C2,372,1893690001.000,0x5d,,,311,480,2,2
C2,373,1893690002.000,0x49,,,,,,
C2,374,1893691800.000,0x48,,,311,480,,
C2,375,1893691801.000,0x5d,,,311,480,2,2
C2,376,1893691802.000,0x49,,,,,,
C2,377,1893693600.000,0x48,,,311,480,,
C2,378,1893693601.000,0x5d,,,311,480,2,2
C2,379,1893693602.000,0x49,,,,,,
C2,380,1893695400.000,0x48,,,311,480,,
C2,381,1893695401.000,0x5d,,,311,480,2,2
C2,382,1893695402.000,0x49,,,,,,
C2,383,1893697200.000,0x48,,,311,480,,
C2,384,1893697201.000,0x5d,,,311,480,2,2
C2,385,1893697202.000,0x49,,,,,,
C2,386,1893699000.000,0x48,,,311,480,,
C2,387,1893699001.000,0x5d,,,311,480,2,2
C2,388,1893699002.000,0x49,,,,,,
C2,389,1893700800.000,0x48,,,311,480,,
C2,390,1893700801.000,0x5d,,,311,480,2,2
C2,391,1893700802.000,0x49,,,,,,
C2,392,1893702600.000,0x48,,,311,480,,
C2,393,1893702601.000,0x5d,,,311,480,2,2
C2,394,1893702602.000,0x49,,,,,,
C2,395,1893704400.000,0x48,,,311,480,,
C2,396,1893704401.000,0x5d,,,311,480,2,2
C2,397,1893704402.000,0x49,,,,,,
C2,398,1893706200.000,0x48,,,311,480,,
C2,399,1893706201.000,0x5d,,,311,480,2,2
C2,400,1893706202.000,0x49,,,,,,
C2,401,1893708000.000,0x48,,,311,480,,
C2,402,1893708001.000,0x5d,,,311,480,2,2
C2,403,1893708002.000,0x49,,,,,,
C2,404,1893709800.000,0x48,,,311,480,,
C2,405,1893709801.000,0x5d,,,311,480,2,2
C2,406,1893709802.000,0x49,,,,,,
C2,407,1893711600.000,0x48,,,311,480,,
C2,408,1893711601.000,0x5d,,,311,480,2,2
C2,409,1893711602.000,0x49,,,,,,
C2,410,1893713400.000,0x48,,,311,480,,
C2,411,1893713401.000,0x5d,,,311,480,2,2
C2,412,1893713402.000,0x49,,,,,,
C2,413,1893715200.000,0x48,,,311,480,,
C2,414,1893715201.000,0x5d,,,311,480,2,2
C2,415,1893715202.000,0x49,,,,,,
C2,416,1893717000.000,0x48,,,311,480,,
C2,417,1893717001.000,0x5d,,,311,480,2,2
C2,418,1893717002.000,0x49,,,,,,
C2,419,1893718800.000,0x48,,,311,480,,
C2,420,1893718801.000,0x5d,,,311,480,2,2
C2,421,1893718802.000,0x49,,,,,,
C2,422,1893720600.000,0x48,,,311,480,,
C2,423,1893720601.000,0x5d,,,311,480,2,2
C2,424,1893720602.000,0x49,,,,,,
C2,425,1893722400.000,0x48,,,311,480,,
C2,426,1893722401.000,0x5d,,,311,480,2,2
C2,427,1893722402.000,0x49,,,,,,
C2,428,1893724200.000,0x48,,,311,480,,
C2,429,1893724201.000,0x5d,,,311,480,2,2
C2,430,1893724202.000,0x49,,,,,,
C2,431,1893726000.000,0x48,,,311,480,,
C2,432,1893726001.000,0x5d,,,311,480,2,2
C2,433,1893726002.000,0x49,,,,,,
C2,434,1893727800.000,0x48,,,311,480,,
C2,435,1893727801.000,0x5d,,,311,480,2,2
C2,436,1893727802.000,0x49,,,,,,
C2,437,1893729600.000,0x48,,,311,480,,
C2,438,1893729601.000,0x5d,,,311,480,2,2
C2,439,1893729602.000,0x49,,,,,,
C2,440,1893731400.000,0x48,,,311,480,,
C2,441,1893731401.000,0x5d,,,311,480,2,2
C2,442,1893731402.000,0x49,,,,,,
C2,443,1893733200.000,0x48,,,311,480,,
C2,444,1893733201.000,0x5d,,,311,480,2,2
C2,445,1893733202.000,0x49,,,,,,
C2,446,1893735000.000,0x48,,,311,480,,
C2,447,1893735001.000,0x5d,,,311,480,2,2
C2,448,1893735002.000,0x49,,,,,,
C3,449,1893736800.000,0x48,,,311,480,,
C3,450,1893736801.000,0x5d,,,311,480,2,2
C3,451,1893736802.000,0x49,,,,,,
C3,452,1893740400.000,0x48,,,311,480,,
C3,453,1893740401.000,0x5d,,,311,480,2,2
C3,454,1893740402.000,0x49,,,,,,
C3,455,1893744000.000,0x48,,,311,480,,
C3,456,1893744001.000,0x5d,,,311,480,2,2
C3,457,1893744002.000,0x49,,,,,,
C3,458,1893747600.000,0x48,,,311,480,,
C3,459,1893747601.000,0x5d,,,311,480,2,2
C3,460,1893747602.000,0x49,,,,,,
C3,461,1893751200.000,0x48,,,311,480,,
C3,462,1893751201.000,0x5d,,,311,480,2,2
C3,463,1893751202.000,0x49,,,,,,
C3,464,1893754800.000,0x48,,,311,480,,
C3,465,1893754801.000,0x5d,,,311,480,2,2
C3,466,1893754802.000,0x49,,,,,,
C3,467,1893758400.000,0x48,,,311,480,,
C3,468,1893758401.000,0x5d,,,311,480,2,2
C3,469,1893758402.000,0x49,,,,,,
C3,470,1893762000.000,0x48,,,311,480,,
C3,471,1893762001.000,0x5d,,,311,480,2,2
C3,472,1893762002.000,0x49,,,,,,
C3,473,1893765600.000,0x48,,,311,480,,
C3,474,1893765601.000,0x5d,,,311,480,2,2
C3,475,1893765602.000,0x49,,,,,,
C3,476,1893769200.000,0x48,,,311,480,,
C3,477,1893769201.000,0x5d,,,311,480,2,2
C3,478,1893769202.000,0x49,,,,,,
C3,479,1893772800.000,0x48,,,311,480,,
C3,480,1893772801.000,0x5d,,,311,480,2,2
C3,481,1893772802.000,0x49,,,,,,
C3,482,1893776400.000,0x48,,,311,480,,
C3,483,1893776401.000,0x5d,,,311,480,2,2
C3,484,1893776402.000,0x49,,,,,,
C3,485,1893780000.000,0x48,,,311,480,,
C3,486,1893780001.000,0x5d,,,311,480,2,2
C3,487,1893780002.000,0x49,,,,,,
C3,488,1893783600.000,0x48,,,311,480,,
C3,489,1893783601.000,0x5d,,,311,480,2,2
C3,490,1893783602.000,0x49,,,,,,
C3,491,1893787200.000,0x48,,,311,480,,
C3,492,1893787201.000,0x5d,,,311,480,2,2
C3,493,1893787202.000,0x49,,,,,,
C3,494,1893790800.000,0x48,,,311,480,,
C3,495,1893790801.000,0x5d,,,311,480,2,2
C3,496,1893790802.000,0x49,,,,,,
C3,497,1893794400.000,0x48,,,311,480,,
C3,498,1893794401.000,0x5d,,,311,480,2,2
C3,499,1893794402.000,0x49,,,,,,
C3,500,1893798000.000,0x48,,,311,480,,
C3,501,1893798001.000,0x5d,,,311,480,2,2
C3,502,1893798002.000,0x49,,,,,,
C3,503,1893801600.000,0x48,,,311,480,,
C3,504,1893801601.000,0x5d,,,311,480,2,2
C3,505,1893801602.000,0x49,,,,,,
C3,506,1893805200.000,0x48,,,311,480,,
C3,507,1893805201.000,0x5d,,,311,480,2,2
C3,508,1893805202.000,0x49,,,,,,
C3,509,1893808800.000,0x48,,,311,480,,
C3,510,1893808801.000,0x5d,,,311,480,2,2
C3,511,1893808802.000,0x49,,,,,,
C3,512,1893812400.000,0x48,,,311,480,,
C3,513,1893812401.000,0x5d,,,311,480,2,2
C3,514,1893812402.000,0x49,,,,,,
C3,515,1893816000.000,0x48,,,311,480,,
C3,516,1893816001.000,0x5d,,,311,480,2,2
C3,517,1893816002.000,0x49,,,,,,
C3,518,1893819600.000,0x48,,,311,480,,
C3,519,1893819601.000,0x5d,,,311,480,2,2
C3,520,1893819602.000,0x49,,,,,,
C3,521,1893823200.000,0x48,,,311,480,,
C3,522,1893823201.000,0x5d,,,311,480,2,2
C3,523,1893823202.000,0x49,,,,,,
C3,524,1893826800.000,0x48,,,311,480,,
C3,525,1893826801.000,0x5d,,,311,480,2,2
C3,526,1893826802.000,0x49,,,,,,
C3,527,1893830400.000,0x48,,,311,480,,
C3,528,1893830401.000,0x5d,,,311,480,2,2
C3,529,1893830402.000,0x49,,,,,,
C3,530,1893834000.000,0x48,,,311,480,,
C3,531,1893834001.000,0x5d,,,311,480,2,2
C3,532,1893834002.000,0x49,,,,,,
C3,533,1893837600.000,0x48,,,311,480,,
C3,534,1893837601.000,0x5d,,,311,480,2,2
C3,535,1893837602.000,0x49,,,,,,
C3,536,1893841200.000,0x48,,,311,480,,
C3,537,1893841201.000,0x5d,,,311,480,2,2
C3,538,1893841202.000,0x49,,,,,,
C3,539,1893844800.000,0x48,,,311,480,,
C3,540,1893844801.000,0x5d,,,311,480,2,2
C3,541,1893844802.000,0x49,,,,,,
C3,542,1893848400.000,0x48,,,311,480,,
C3,543,1893848401.000,0x5d,,,311,480,2,2
C3,544,1893848402.000,0x49,,,,,,
C3,545,1893852000.000,0x48,,,311,480,,
C3,546,1893852001.000,0x5d,,,311,480,2,2
C3,547,1893852002.000,0x49,,,,,,
C3,548,1893855600.000,0x48,,,311,480,,
C3,549,1893855601.000,0x5d,,,311,480,2,2
C3,550,1893855602.000,0x49,,,,,,
C3,551,1893859200.000,0x48,,,311,480,,
C3,552,1893859201.000,0x5d,,,311,480,2,2
C3,553,1893859202.000,0x49,,,,,,
C3,554,1893862800.000,0x48,,,311,480,,
C3,555,1893862801.000,0x5d,,,311,480,2,2
C3,556,1893862802.000,0x49,,,,,,
C3,557,1893866400.000,0x48,,,311,480,,
C3,558,1893866401.000,0x5d,,,311,480,2,2
C3,559,1893866402.000,0x49,,,,,,
C3,560,1893870000.000,0x48,,,311,480,,
C3,561,1893870001.000,0x5d,,,311,480,2,2
C3,562,1893870002.000,0x49,,,,,,
C3,563,1893873600.000,0x48,,,311,480,,
C3,564,1893873601.000,0x5d,,,311,480,2,2
C3,565,1893873602.000,0x49,,,,,,
C3,566,1893877200.000,0x48,,,311,480,,
C3,567,1893877201.000,0x5d,,,311,480,2,2
C3,568,1893877202.000,0x49,,,,,,
C3,569,1893880800.000,0x48,,,311,480,,
C3,570,1893880801.000,0x5d,,,311,480,2,2
C3,571,1893880802.000,0x49,,,,,,
C3,572,1893884400.000,0x48,,,311,480,,
C3,573,1893884401.000,0x5d,,,311,480,2,2
C3,574,1893884402.000,0x49,,,,,,
C3,575,1893888000.000,0x48,,,311,480,,
C3,576,1893888001.000,0x5d,,,311,480,2,2
C3,577,1893888002.000,0x49,,,,,,
C3,578,1893891600.000,0x48,,,311,480,,
C3,579,1893891601.000,0x5d,,,311,480,2,2
C3,580,1893891602.000,0x49,,,,,,
C3,581,1893895200.000,0x48,,,311,480,,
C3,582,1893895201.000,0x5d,,,311,480,2,2
C3,583,1893895202.000,0x49,,,,,,
C3,584,1893898800.000,0x48,,,311,480,,
C3,585,1893898801.000,0x5d,,,311,480,2,2
C3,586,1893898802.000,0x49,,,,,,
C3,587,1893902400.000,0x48,,,311,480,,
C3,588,1893902401.000,0x5d,,,311,480,2,2
C3,589,1893902402.000,0x49,,,,,,
C3,590,1893906000.000,0x48,,,311,480,,
C3,591,1893906001.000,0x5d,,,311,480,2,2
C3,592,1893906002.000,0x49,,,,,,
C3,593,1893909600.000,0x48,,,311,480,,
C3,594,1893909601.000,0x5d,,,311,480,2,2
C3,595,1893909602.000,0x49,,,,,,
C3,596,1893913200.000,0x48,,,311,480,,
C3,597,1893913201.000,0x5d,,,311,480,2,2
C3,598,1893913202.000,0x49,,,,,,
C3,599,1893916800.000,0x48,,,311,480,,
C3,600,1893916801.000,0x5d,,,311,480,2,2
C3,601,1893916802.000,0x49,,,,,,
C3,602,1893920400.000,0x48,,,311,480,,
C3,603,1893920401.000,0x5d,,,311,480,2,2
C3,604,1893920402.000,0x49,,,,,,
C3,605,1893924000.000,0x48,,,311,480,,
C3,606,1893924001.000,0x5d,,,311,480,2,2
C3,607,1893924002.000,0x49,,,,,,
C3,608,1893927600.000,0x48,,,311,480,,
C3,609,1893927601.000,0x5d,,,311,480,2,2
C3,610,1893927602.000,0x49,,,,,,
C3,611,1893931200.000,0x48,,,311,480,,
C3,612,1893931201.000,0x5d,,,311,480,2,2
C3,613,1893931202.000,0x49,,,,,,
C3,614,1893934800.000,0x48,,,311,480,,
C3,615,1893934801.000,0x5d,,,311,480,2,2
C3,616,1893934802.000,0x49,,,,,,
C3,617,1893938400.000,0x48,,,311,480,,
C3,618,1893938401.000,0x5d,,,311,480,2,2
C3,619,1893938402.000,0x49,,,,,,
C3,620,1893942000.000,0x48,,,311,480,,
C3,621,1893942001.000,0x5d,,,311,480,2,2
C3,622,1893942002.000,0x49,,,,,,
C3,623,1893945600.000,0x48,,,311,480,,
C3,624,1893945601.000,0x5d,,,311,480,2,2
C3,625,1893945602.000,0x49,,,,,,
C3,626,1893949200.000,0x48,,,311,480,,
C3,627,1893949201.000,0x5d,,,311,480,2,2
C3,628,1893949202.000,0x49,,,,,,
C3,629,1893952800.000,0x48,,,311,480,,
C3,630,1893952801.000,0x5d,,,311,480,2,2
C3,631,1893952802.000,0x49,,,,,,
C3,632,1893956400.000,0x48,,,311,480,,
C3,633,1893956401.000,0x5d,,,311,480,2,2
C3,634,1893956402.000,0x49,,,,,,
C3,635,1893960000.000,0x48,,,311,480,,
C3,636,1893960001.000,0x5d,,,311,480,2,2
C3,637,1893960002.000,0x49,,,,,,
C3,638,1893963600.000,0x48,,,311,480,,
C3,639,1893963601.000,0x5d,,,311,480,2,2
C3,640,1893963602.000,0x49,,,,,,
C3,641,1893967200.000,0x48,,,311,480,,
C3,642,1893967201.000,0x5d,,,311,480,2,2
C3,643,1893967202.000,0x49,,,,,,
C3,644,1893970800.000,0x48,,,311,480,,
C3,645,1893970801.000,0x5d,,,311,480,2,2
C3,646,1893970802.000,0x49,,,,,,
C3,647,1893974400.000,0x48,,,311,480,,
C3,648,1893974401.000,0x5d,,,311,480,2,2
C3,649,1893974402.000,0x49,,,,,,
C3,650,1893978000.000,0x48,,,311,480,,
C3,651,1893978001.000,0x5d,,,311,480,2,2
C3,652,1893978002.000,0x49,,,,,,
C3,653,1893981600.000,0x48,,,311,480,,
C3,654,1893981601.000,0x5d,,,311,480,2,2
C3,655,1893981602.000,0x49,,,,,,
C3,656,1893985200.000,0x48,,,311,480,,
C3,657,1893985201.000,0x5d,,,311,480,2,2
C3,658,1893985202.000,0x49,,,,,,
C3,659,1893988800.000,0x48,,,311,480,,
C3,660,1893988801.000,0x5d,,,311,480,2,2
C3,661,1893988802.000,0x49,,,,,,
C3,662,1893992400.000,0x48,,,311,480,,
C3,663,1893992401.000,0x5d,,,311,480,2,2
C3,664,1893992402.000,0x49,,,,,,
C3,665,1893996000.000,0x48,,,311,480,,
C3,666,1893996001.000,0x5d,,,311,480,2,2
C3,667,1893996002.000,0x49,,,,,,
C3,668,1893999600.000,0x48,,,311,480,,
C3,669,1893999601.000,0x5d,,,311,480,2,2
C3,670,1893999602.000,0x49,,,,,,
C3,671,1894003200.000,0x48,,,311,480,,
C3,672,1894003201.000,0x5d,,,311,480,2,2
C3,673,1894003202.000,0x49,,,,,,
C3,674,1894006800.000,0x48,,,311,480,,
C3,675,1894006801.000,0x5d,,,311,480,2,2
C3,676,1894006802.000,0x49,,,,,,
C3,677,1894010400.000,0x48,,,311,480,,
C3,678,1894010401.000,0x5d,,,311,480,2,2
C3,679,1894010402.000,0x49,,,,,,
C3,680,1894014000.000,0x48,,,311,480,,
C3,681,1894014001.000,0x5d,,,311,480,2,2
C3,682,1894014002.000,0x49,,,,,,
C3,683,1894017600.000,0x48,,,311,480,,
C3,684,1894017601.000,0x5d,,,311,480,2,2
C3,685,1894017602.000,0x49,,,,,,
C3,686,1894021200.000,0x48,,,311,480,,
C3,687,1894021201.000,0x5d,,,311,480,2,2
C3,688,1894021202.000,0x49,,,,,,
C3,689,1894024800.000,0x48,,,311,480,,
C3,690,1894024801.000,0x5d,,,311,480,2,2
C3,691,1894024802.000,0x49,,,,,,
C3,692,1894028400.000,0x48,,,311,480,,
C3,693,1894028401.000,0x5d,,,311,480,2,2
C3,694,1894028402.000,0x49,,,,,,
C3,695,1894032000.000,0x48,,,311,480,,
C3,696,1894032001.000,0x5d,,,311,480,2,2
C3,697,1894032002.000,0x49,,,,,,
C3,698,1894035600.000,0x48,,,311,480,,
C3,699,1894035601.000,0x5d,,,311,480,2,2
C3,700,1894035602.000,0x49,,,,,,
C3,701,1894039200.000,0x48,,,311,480,,
C3,702,1894039201.000,0x5d,,,311,480,2,2
C3,703,1894039202.000,0x49,,,,,,
C3,704,1894042800.000,0x48,,,311,480,,
C3,705,1894042801.000,0x5d,,,311,480,2,2
C3,706,1894042802.000,0x49,,,,,,
C3,707,1894046400.000,0x48,,,311,480,,
C3,708,1894046401.000,0x5d,,,311,480,2,2
C3,709,1894046402.000,0x49,,,,,,
C3,710,1894050000.000,0x48,,,311,480,,
C3,711,1894050001.000,0x5d,,,311,480,2,2
C3,712,1894050002.000,0x49,,,,,,
C3,713,1894053600.000,0x48,,,311,480,,
C3,714,1894053601.000,0x5d,,,311,480,2,2
C3,715,1894053602.000,0x49,,,,,,
C3,716,1894057200.000,0x48,,,311,480,,
C3,717,1894057201.000,0x5d,,,311,480,2,2
C3,718,1894057202.000,0x49,,,,,,
C3,719,1894060800.000,0x48,,,311,480,,
C3,720,1894060801.000,0x5d,,,311,480,2,2
C3,721,1894060802.000,0x49,,,,,,
C3,722,1894064400.000,0x48,,,311,480,,
C3,723,1894064401.000,0x5d,,,311,480,2,2
C3,724,1894064402.000,0x49,,,,,,
C3,725,1894068000.000,0x48,,,311,480,,
C3,726,1894068001.000,0x5d,,,311,480,2,2
C3,727,1894068002.000,0x49,,,,,,
C3,728,1894071600.000,0x48,,,311,480,,
C3,729,1894071601.000,0x5d,,,311,480,2,2
C3,730,1894071602.000,0x49,,,,,,
C3,731,1894075200.000,0x48,,,311,480,,
C3,732,1894075201.000,0x5d,,,311,480,2,2
C3,733,1894075202.000,0x49,,,,,,
C3,734,1894078800.000,0x48,,,311,480,,
C3,735,1894078801.000,0x5d,,,311,480,2,2
C3,736,1894078802.000,0x49,,,,,,
C3,737,1894082400.000,0x48,,,311,480,,
C3,738,1894082401.000,0x5d,,,311,480,2,2
C3,739,1894082402.000,0x49,,,,,,
C3,740,1894086000.000,0x48,,,311,480,,
C3,741,1894086001.000,0x5d,,,311,480,2,2
C3,742,1894086002.000,0x49,,,,,,
C3,743,1894089600.000,0x48,,,311,480,,
C3,744,1894089601.000,0x5d,,,311,480,2,2
C3,745,1894089602.000,0x49,,,,,,
C3,746,1894093200.000,0x48,,,311,480,,
C3,747,1894093201.000,0x5d,,,311,480,2,2
C3,748,1894093202.000,0x49,,,,,,
C3,749,1894096800.000,0x48,,,311,480,,
C3,750,1894096801.000,0x5d,,,311,480,2,2
C3,751,1894096802.000,0x49,,,,,,
C3,752,1894100400.000,0x48,,,311,480,,
C3,753,1894100401.000,0x5d,,,311,480,2,2
C3,754,1894100402.000,0x49,,,,,,
C3,755,1894104000.000,0x48,,,311,480,,
C3,756,1894104001.000,0x5d,,,311,480,2,2
C3,757,1894104002.000,0x49,,,,,,
C3,758,1894107600.000,0x48,,,311,480,,
C3,759,1894107601.000,0x5d,,,311,480,2,2
C3,760,1894107602.000,0x49,,,,,,
C3,761,1894111200.000,0x48,,,311,480,,
C3,762,1894111201.000,0x5d,,,311,480,2,2
C3,763,1894111202.000,0x49,,,,,,
C3,764,1894114800.000,0x48,,,311,480,,
C3,765,1894114801.000,0x5d,,,311,480,2,2
C3,766,1894114802.000,0x49,,,,,,
C3,767,1894118400.000,0x48,,,311,480,,
C3,768,1894118401.000,0x5d,,,311,480,2,2
C3,769,1894118402.000,0x49,,,,,,
C3,770,1894122000.000,0x48,,,311,480,,
C3,771,1894122001.000,0x5d,,,311,480,2,2
C3,772,1894122002.000,0x49,,,,,,
C3,773,1894125600.000,0x48,,,311,480,,
C3,774,1894125601.000,0x5d,,,311,480,2,2
C3,775,1894125602.000,0x49,,,,,,
C3,776,1894129200.000,0x48,,,311,480,,
C3,777,1894129201.000,0x5d,,,311,480,2,2
C3,778,1894129202.000,0x49,,,,,,
C3,779,1894132800.000,0x48,,,311,480,,
C3,780,1894132801.000,0x5d,,,311,480,2,2
C3,781,1894132802.000,0x49,,,,,,
C3,782,1894136400.000,0x48,,,311,480,,
C3,783,1894136401.000,0x5d,,,311,480,2,2
C3,784,1894136402.000,0x49,,,,,,
C3,785,1894140000.000,0x48,,,311,480,,
C3,786,1894140001.000,0x5d,,,311,480,2,2
C3,787,1894140002.000,0x49,,,,,,
C3,788,1894143600.000,0x48,,,311,480,,
C3,789,1894143601.000,0x5d,,,311,480,2,2
C3,790,1894143602.000,0x49,,,,,,
C3,791,1894147200.000,0x48,,,311,480,,
C3,792,1894147201.000,0x5d,,,311,480,2,2
C3,793,1894147202.000,0x49,,,,,,
C3,794,1894150800.000,0x48,,,311,480,,
C3,795,1894150801.000,0x5d,,,311,480,2,2
C3,796,1894150802.000,0x49,,,,,,
C3,797,1894154400.000,0x48,,,311,480,,
C3,798,1894154401.000,0x5d,,,311,480,2,2
C3,799,1894154402.000,0x49,,,,,,
C3,800,1894158000.000,0x48,,,311,480,,
C3,801,1894158001.000,0x5d,,,311,480,2,2
C3,802,1894158002.000,0x49,,,,,,
C3,803,1894161600.000,0x48,,,311,480,,
C3,804,1894161601.000,0x5d,,,311,480,2,2
C3,805,1894161602.000,0x49,,,,,,
C3,806,1894165200.000,0x48,,,311,480,,
C3,807,1894165201.000,0x5d,,,311,480,2,2
C3,808,1894165202.000,0x49,,,,,,
C3,809,1894168800.000,0x48,,,311,480,,
C3,810,1894168801.000,0x5d,,,311,480,2,2
C3,811,1894168802.000,0x49,,,,,,
C3,812,1894172400.000,0x48,,,311,480,,
C3,813,1894172401.000,0x5d,,,311,480,2,2
C3,814,1894172402.000,0x49,,,,,,
C3,815,1894176000.000,0x48,,,311,480,,
C3,816,1894176001.000,0x5d,,,311,480,2,2
C3,817,1894176002.000,0x49,,,,,,
C3,818,1894179600.000,0x48,,,311,480,,
C3,819,1894179601.000,0x5d,,,311,480,2,2
C3,820,1894179602.000,0x49,,,,,,
C3,821,1894183200.000,0x48,,,311,480,,
C3,822,1894183201.000,0x5d,,,311,480,2,2
C3,823,1894183202.000,0x49,,,,,,
C3,824,1894186800.000,0x48,,,311,480,,
C3,825,1894186801.000,0x5d,,,311,480,2,2
C3,826,1894186802.000,0x49,,,,,,
C3,827,1894190400.000,0x48,,,311,480,,
C3,828,1894190401.000,0x5d,,,311,480,2,2
C3,829,1894190402.000,0x49,,,,,,
C3,830,1894194000.000,0x48,,,311,480,,
C3,831,1894194001.000,0x5d,,,311,480,2,2
C3,832,1894194002.000,0x49,,,,,,
C3,833,1894197600.000,0x48,,,311,480,,
C3,834,1894197601.000,0x5d,,,311,480,2,2
C3,835,1894197602.000,0x49,,,,,,
C3,836,1894201200.000,0x48,,,311,480,,
C3,837,1894201201.000,0x5d,,,311,480,2,2
C3,838,1894201202.000,0x49,,,,,,
C3,839,1894204800.000,0x48,,,311,480,,
C3,840,1894204801.000,0x5d,,,311,480,2,2
C3,841,1894204802.000,0x49,,,,,,
C3,842,1894208400.000,0x48,,,311,480,,
C3,843,1894208401.000,0x5d,,,311,480,2,2
C3,844,1894208402.000,0x49,,,,,,
C3,845,1894212000.000,0x48,,,311,480,,
C3,846,1894212001.000,0x5d,,,311,480,2,2
C3,847,1894212002.000,0x49,,,,,,
C3,848,1894215600.000,0x48,,,311,480,,
C3,849,1894215601.000,0x5d,,,311,480,2,2
C3,850,1894215602.000,0x49,,,,,,
C3,851,1894219200.000,0x48,,,311,480,,
C3,852,1894219201.000,0x5d,,,311,480,2,2
C3,853,1894219202.000,0x49,,,,,,
C3,854,1894222800.000,0x48,,,311,480,,
C3,855,1894222801.000,0x5d,,,311,480,2,2
C3,856,1894222802.000,0x49,,,,,,
C3,857,1894226400.000,0x48,,,311,480,,
C3,858,1894226401.000,0x5d,,,311,480,2,2
C3,859,1894226402.000,0x49,,,,,,
C3,860,1894230000.000,0x48,,,311,480,,
C3,861,1894230001.000,0x5d,,,311,480,2,2
C3,862,1894230002.000,0x49,,,,,,
C3,863,1894233600.000,0x48,,,311,480,,
C3,864,1894233601.000,0x5d,,,311,480,2,2
C3,865,1894233602.000,0x49,,,,,,
C3,866,1894237200.000,0x48,,,311,480,,
C3,867,1894237201.000,0x5d,,,311,480,2,2
C3,868,1894237202.000,0x49,,,,,,
C3,869,1894240800.000,0x48,,,311,480,,
C3,870,1894240801.000,0x5d,,,311,480,2,2
C3,871,1894240802.000,0x49,,,,,,
C3,872,1894244400.000,0x48,,,311,480,,
C3,873,1894244401.000,0x5d,,,311,480,2,2
C3,874,1894244402.000,0x49,,,,,,
C3,875,1894248000.000,0x48,,,311,480,,
C3,876,1894248001.000,0x5d,,,311,480,2,2
C3,877,1894248002.000,0x49,,,,,,
C3,878,1894251600.000,0x48,,,311,480,,
C3,879,1894251601.000,0x5d,,,311,480,2,2
C3,880,1894251602.000,0x49,,,,,,
C3,881,1894255200.000,0x48,,,311,480,,
C3,882,1894255201.000,0x5d,,,311,480,2,2
C3,883,1894255202.000,0x49,,,,,,
C3,884,1894258800.000,0x48,,,311,480,,
C3,885,1894258801.000,0x5d,,,311,480,2,2
C3,886,1894258802.000,0x49,,,,,,
C3,887,1894262400.000,0x48,,,311,480,,
C3,888,1894262401.000,0x5d,,,311,480,2,2
C3,889,1894262402.000,0x49,,,,,,
C3,890,1894266000.000,0x48,,,311,480,,
C3,891,1894266001.000,0x5d,,,311,480,2,2
C3,892,1894266002.000,0x49,,,,,,
C3,893,1894269600.000,0x48,,,311,480,,
C3,894,1894269601.000,0x5d,,,311,480,2,2
C3,895,1894269602.000,0x49,,,,,,
C3,896,1894273200.000,0x48,,,311,480,,
C3,897,1894273201.000,0x5d,,,311,480,2,2
C3,898,1894273202.000,0x49,,,,,,
C3,899,1894276800.000,0x48,,,311,480,,
C3,900,1894276801.000,0x5d,,,311,480,2,2
C3,901,1894276802.000,0x49,,,,,,
C3,902,1894280400.000,0x48,,,311,480,,
C3,903,1894280401.000,0x5d,,,311,480,2,2
C3,904,1894280402.000,0x49,,,,,,
C3,905,1894284000.000,0x48,,,311,480,,
C3,906,1894284001.000,0x5d,,,311,480,2,2
C3,907,1894284002.000,0x49,,,,,,
C3,908,1894287600.000,0x48,,,311,480,,
C3,909,1894287601.000,0x5d,,,311,480,2,2
C3,910,1894287602.000,0x49,,,,,,
C3,911,1894291200.000,0x48,,,311,480,,
C3,912,1894291201.000,0x5d,,,311,480,2,2
C3,913,1894291202.000,0x49,,,,,,
C3,914,1894294800.000,0x48,,,311,480,,
C3,915,1894294801.000,0x5d,,,311,480,2,2
C3,916,1894294802.000,0x49,,,,,,
C3,917,1894298400.000,0x48,,,311,480,,
C3,918,1894298401.000,0x5d,,,311,480,2,2
C3,919,1894298402.000,0x49,,,,,,
C3,920,1894302000.000,0x48,,,311,480,,
C3,921,1894302001.000,0x5d,,,311,480,2,2
C3,922,1894302002.000,0x49,,,,,,
C3,923,1894305600.000,0x48,,,311,480,,
C3,924,1894305601.000,0x5d,,,311,480,2,2
C3,925,1894305602.000,0x49,,,,,,
C3,926,1894309200.000,0x48,,,311,480,,
C3,927,1894309201.000,0x5d,,,311,480,2,2
C3,928,1894309202.000,0x49,,,,,,
C4,929,1894529280.000,0x41,,,310,240,,
C4,930,1894529282.000,0x52,,,,,,
C4,931,1894529283.400,0x5c,,20,,,,
C4,932,1894529284.100,0x55,1,,,,,
C4,933,1894529285.300,0x56,,,310,240,,
C4,934,1894529289.000,0x45,,10,,,,
C4,935,1894529290.000,0x45,,10,,,,
C4,936,1894529291.000,0x45,,10,,,,
C4,937,1894529292.000,0x45,,10,,,,
C4,938,1894529312.000,0x55,1,,,,,
C4,939,1894529313.200,0x56,,,310,240,,
C4,940,1894529321.000,0x44,,15,,,,
C4,941,1894529350.000,0x5d,,,311,480,2,2
C4,942,1894529580.000,0x55,1,,,,,
C4,943,1894529582.000,0x56,,,310,240,,
C4,944,1894529620.000,0x4e,,15,,,,
C4,945,1894530000.000,0x48,,,311,480,,
C4,946,1894530001.000,0x5d,,,311,480,2,2
C4,947,1894530002.000,0x49,,,,,,
C4,948,1894530600.000,0x48,,,311,480,,
C4,949,1894530601.000,0x5d,,,311,480,2,2
C4,950,1894530602.000,0x49,,,,,,
C4,951,1894531200.000,0x48,,,311,480,,
C4,952,1894531201.000,0x5d,,,311,480,2,2
C4,953,1894531202.000,0x49,,,,,,
C5,954,1894532400.000,0x48,,,311,480,,
C5,955,1894532401.000,0x5d,,,311,480,2,2
C5,956,1894532402.000,0x49,,,,,,
C5,957,1894534200.000,0x48,,,311,480,,
C5,958,1894534201.000,0x5d,,,311,480,2,2
C5,959,1894534202.000,0x49,,,,,,
C5,960,1894536000.000,0x48,,,311,480,,
C5,961,1894536001.000,0x5d,,,311,480,2,2
C5,962,1894536002.000,0x49,,,,,,
C5,963,1894537800.000,0x48,,,311,480,,
C5,964,1894537801.000,0x5d,,,311,480,2,2
C5,965,1894537802.000,0x49,,,,,,
C5,966,1894539600.000,0x48,,,311,480,,
C5,967,1894539601.000,0x5d,,,311,480,2,2
C5,968,1894539602.000,0x49,,,,,,
C5,969,1894541400.000,0x48,,,311,480,,
C5,970,1894541401.000,0x5d,,,311,480,2,2
C5,971,1894541402.000,0x49,,,,,,
C5,972,1894543200.000,0x48,,,311,480,,
C5,973,1894543201.000,0x5d,,,311,480,2,2
C5,974,1894543202.000,0x49,,,,,,
C5,975,1894545000.000,0x48,,,311,480,,
C5,976,1894545001.000,0x5d,,,311,480,2,2
C5,977,1894545002.000,0x49,,,,,,
C5,978,1894546800.000,0x48,,,311,480,,
C5,979,1894546801.000,0x5d,,,311,480,2,2
C5,980,1894546802.000,0x49,,,,,,
C5,981,1894548600.000,0x48,,,311,480,,
C5,982,1894548601.000,0x5d,,,311,480,2,2
C5,983,1894548602.000,0x49,,,,,,
C5,984,1894550400.000,0x48,,,311,480,,
C5,985,1894550401.000,0x5d,,,311,480,2,2
C5,986,1894550402.000,0x49,,,,,,
C5,987,1894552200.000,0x48,,,311,480,,
C5,988,1894552201.000,0x5d,,,311,480,2,2
C5,989,1894552202.000,0x49,,,,,,
C5,990,1894554000.000,0x48,,,311,480,,
C5,991,1894554001.000,0x5d,,,311,480,2,2
C5,992,1894554002.000,0x49,,,,,,
C5,993,1894555800.000,0x48,,,311,480,,
C5,994,1894555801.000,0x5d,,,311,480,2,2
C5,995,1894555802.000,0x49,,,,,,
C5,996,1894557600.000,0x48,,,311,480,,
C5,997,1894557601.000,0x5d,,,311,480,2,2
C5,998,1894557602.000,0x49,,,,,,
C5,999,1894559400.000,0x48,,,311,480,,
C5,1000,1894559401.000,0x5d,,,311,480,2,2
C5,1001,1894559402.000,0x49,,,,,,
C5,1002,1894561202.000,0x55,1,,,,,
C5,1003,1894561203.100,0x56,,,310,240,,
C5,1004,1894561247.000,0x55,1,,,,,
C5,1005,1894561248.100,0x56,,,310,240,,
C5,1006,1894561295.000,0x44,,15,,,,
C5,1007,1894561320.000,0x5d,,,311,480,2,2
C5,1008,1894564800.000,0x48,,,311,480,,
C5,1009,1894564801.000,0x5d,,,311,480,2,2
C5,1010,1894564802.000,0x49,,,,,,
C5,1011,1894566600.000,0x48,,,311,480,,
C5,1012,1894566601.000,0x5d,,,311,480,2,2
C5,1013,1894566602.000,0x49,,,,,,
C5,1014,1894568400.000,0x48,,,311,480,,
C5,1015,1894568401.000,0x5d,,,311,480,2,2
C5,1016,1894568402.000,0x49,,,,,,
C5,1017,1894570200.000,0x48,,,311,480,,
C5,1018,1894570201.000,0x5d,,,311,480,2,2
C5,1019,1894570202.000,0x49,,,,,,
C6,1020,1894579200.000,0x48,,,311,480,,
C6,1021,1894579201.000,0x5d,,,311,480,2,2
C6,1022,1894579202.000,0x49,,,,,,
C6,1023,1894586400.000,0x48,,,311,480,,
C6,1024,1894586401.000,0x5d,,,311,480,2,2
C6,1025,1894586402.000,0x49,,,,,,
C6,1026,1894593600.000,0x48,,,311,480,,
C6,1027,1894593601.000,0x5d,,,311,480,2,2
C6,1028,1894593602.000,0x49,,,,,,
C6,1029,1894600800.000,0x48,,,311,480,,
C6,1030,1894600801.000,0x5d,,,311,480,2,2
C6,1031,1894600802.000,0x49,,,,,,
C6,1032,1894608000.000,0x48,,,311,480,,
C6,1033,1894608001.000,0x5d,,,311,480,2,2
C6,1034,1894608002.000,0x49,,,,,,
C6,1035,1894615200.000,0x48,,,311,480,,
C6,1036,1894615201.000,0x5d,,,311,480,2,2
C6,1037,1894615202.000,0x49,,,,,,
C6,1038,1894622400.000,0x48,,,311,480,,
C6,1039,1894622401.000,0x5d,,,311,480,2,2
C6,1040,1894622402.000,0x49,,,,,,
C6,1041,1894629600.000,0x48,,,311,480,,
C6,1042,1894629601.000,0x5d,,,311,480,2,2
C6,1043,1894629602.000,0x49,,,,,,
C6,1044,1894636800.000,0x48,,,311,480,,
C6,1045,1894636801.000,0x5d,,,311,480,2,2
C6,1046,1894636802.000,0x49,,,,,,
C6,1047,1894644000.000,0x48,,,311,480,,
C6,1048,1894644001.000,0x5d,,,311,480,2,2
C6,1049,1894644002.000,0x49,,,,,,
C6,1050,1894651200.000,0x48,,,311,480,,
C6,1051,1894651201.000,0x5d,,,311,480,2,2
C6,1052,1894651202.000,0x49,,,,,,
C6,1053,1894658400.000,0x48,,,311,480,,
C6,1054,1894658401.000,0x5d,,,311,480,2,2
C6,1055,1894658402.000,0x49,,,,,,
C6,1056,1894665600.000,0x48,,,311,480,,
C6,1057,1894665601.000,0x5d,,,311,480,2,2
C6,1058,1894665602.000,0x49,,,,,,
C6,1059,1894672800.000,0x48,,,311,480,,
C6,1060,1894672801.000,0x5d,,,311,480,2,2
C6,1061,1894672802.000,0x49,,,,,,
C6,1062,1894680000.000,0x48,,,311,480,,
C6,1063,1894680001.000,0x5d,,,311,480,2,2
C6,1064,1894680002.000,0x49,,,,,,
C6,1065,1894687200.000,0x48,,,311,480,,
C6,1066,1894687201.000,0x5d,,,311,480,2,2
C6,1067,1894687202.000,0x49,,,,,,
C6,1068,1894694400.000,0x48,,,311,480,,
C6,1069,1894694401.000,0x5d,,,311,480,2,2
C6,1070,1894694402.000,0x49,,,,,,
C6,1071,1894701600.000,0x48,,,311,480,,
C6,1072,1894701601.000,0x5d,,,311,480,2,2
C6,1073,1894701602.000,0x49,,,,,,
C6,1074,1894708800.000,0x48,,,311,480,,
C6,1075,1894708801.000,0x5d,,,311,480,2,2
C6,1076,1894708802.000,0x49,,,,,,
C6,1077,1894716000.000,0x48,,,311,480,,
C6,1078,1894716001.000,0x5d,,,311,480,2,2
C6,1079,1894716002.000,0x49,,,,,,
C6,1080,1894723200.000,0x48,,,311,480,,
C6,1081,1894723201.000,0x5d,,,311,480,2,2
C6,1082,1894723202.000,0x49,,,,,,
C6,1083,1894730400.000,0x48,,,311,480,,
C6,1084,1894730401.000,0x5d,,,311,480,2,2
C6,1085,1894730402.000,0x49,,,,,,
C6,1086,1894737600.000,0x48,,,311,480,,
C6,1087,1894737601.000,0x5d,,,311,480,2,2
C6,1088,1894737602.000,0x49,,,,,,
C6,1089,1894744800.000,0x48,,,311,480,,
C6,1090,1894744801.000,0x5d,,,311,480,2,2
C6,1091,1894744802.000,0x49,,,,,,
C6,1092,1894752000.000,0x48,,,311,480,,
C6,1093,1894752001.000,0x5d,,,311,480,2,2
C6,1094,1894752002.000,0x49,,,,,,
C6,1095,1894759200.000,0x48,,,311,480,,
C6,1096,1894759201.000,0x5d,,,311,480,2,2
C6,1097,1894759202.000,0x49,,,,,,
C6,1098,1894766400.000,0x48,,,311,480,,
C6,1099,1894766401.000,0x5d,,,311,480,2,2
C6,1100,1894766402.000,0x49,,,,,,
C6,1101,1894773600.000,0x48,,,311,480,,
C6,1102,1894773601.000,0x5d,,,311,480,2,2
C6,1103,1894773602.000,0x49,,,,,,
C6,1104,1894780800.000,0x48,,,311,480,,
C6,1105,1894780801.000,0x5d,,,311,480,2,2
C6,1106,1894780802.000,0x49,,,,,,
C6,1107,1894788000.000,0x48,,,311,480,,
C6,1108,1894788001.000,0x5d,,,311,480,2,2
C6,1109,1894788002.000,0x49,,,,,,
C6,1110,1894795200.000,0x48,,,311,480,,
C6,1111,1894795201.000,0x5d,,,311,480,2,2
C6,1112,1894795202.000,0x49,,,,,,
C6,1113,1894802400.000,0x48,,,311,480,,
C6,1114,1894802401.000,0x5d,,,311,480,2,2
C6,1115,1894802402.000,0x49,,,,,,
C6,1116,1894809600.000,0x48,,,311,480,,
C6,1117,1894809601.000,0x5d,,,311,480,2,2
C6,1118,1894809602.000,0x49,,,,,,
C6,1119,1894816800.000,0x48,,,311,480,,
C6,1120,1894816801.000,0x5d,,,311,480,2,2
C6,1121,1894816802.000,0x49,,,,,,
C6,1122,1894824000.000,0x48,,,311,480,,
C6,1123,1894824001.000,0x5d,,,311,480,2,2
C6,1124,1894824002.000,0x49,,,,,,
C6,1125,1894831200.000,0x48,,,311,480,,
C6,1126,1894831201.000,0x5d,,,311,480,2,2
C6,1127,1894831202.000,0x49,,,,,,
C6,1128,1894838400.000,0x48,,,311,480,,
C6,1129,1894838401.000,0x5d,,,311,480,2,2
C6,1130,1894838402.000,0x49,,,,,,
C6,1131,1894845600.000,0x48,,,311,480,,
C6,1132,1894845601.000,0x5d,,,311,480,2,2
C6,1133,1894845602.000,0x49,,,,,,
C6,1134,1894852800.000,0x48,,,311,480,,
C6,1135,1894852801.000,0x5d,,,311,480,2,2
C6,1136,1894852802.000,0x49,,,,,,
C6,1137,1894860000.000,0x48,,,311,480,,
C6,1138,1894860001.000,0x5d,,,311,480,2,2
C6,1139,1894860002.000,0x49,,,,,,
C6,1140,1894867200.000,0x48,,,311,480,,
C6,1141,1894867201.000,0x5d,,,311,480,2,2
C6,1142,1894867202.000,0x49,,,,,,
C6,1143,1894874400.000,0x48,,,311,480,,
C6,1144,1894874401.000,0x5d,,,311,480,2,2
C6,1145,1894874402.000,0x49,,,,,,
C6,1146,1894881600.000,0x48,,,311,480,,
C6,1147,1894881601.000,0x5d,,,311,480,2,2
C6,1148,1894881602.000,0x49,,,,,,
C6,1149,1894888800.000,0x48,,,311,480,,
C6,1150,1894888801.000,0x5d,,,311,480,2,2
C6,1151,1894888802.000,0x49,,,,,,
C6,1152,1894896000.000,0x48,,,311,480,,
C6,1153,1894896001.000,0x5d,,,311,480,2,2
C6,1154,1894896002.000,0x49,,,,,,
C6,1155,1894903200.000,0x48,,,311,480,,
C6,1156,1894903201.000,0x5d,,,311,480,2,2
C6,1157,1894903202.000,0x49,,,,,,
C6,1158,1894910400.000,0x48,,,311,480,,
C6,1159,1894910401.000,0x5d,,,311,480,2,2
C6,1160,1894910402.000,0x49,,,,,,
C6,1161,1894917600.000,0x48,,,311,480,,
C6,1162,1894917601.000,0x5d,,,311,480,2,2
C6,1163,1894917602.000,0x49,,,,,,
C6,1164,1894924800.000,0x48,,,311,480,,
C6,1165,1894924801.000,0x5d,,,311,480,2,2
C6,1166,1894924802.000,0x49,,,,,,
C6,1167,1894932000.000,0x48,,,311,480,,
C6,1168,1894932001.000,0x5d,,,311,480,2,2
C6,1169,1894932002.000,0x49,,,,,,
C6,1170,1894939200.000,0x48,,,311,480,,
C6,1171,1894939201.000,0x5d,,,311,480,2,2
C6,1172,1894939202.000,0x49,,,,,,
C6,1173,1894946400.000,0x48,,,311,480,,
C6,1174,1894946401.000,0x5d,,,311,480,2,2
C6,1175,1894946402.000,0x49,,,,,,
C6,1176,1894953600.000,0x48,,,311,480,,
C6,1177,1894953601.000,0x5d,,,311,480,2,2
C6,1178,1894953602.000,0x49,,,,,,
C6,1179,1894960800.000,0x48,,,311,480,,
C6,1180,1894960801.000,0x5d,,,311,480,2,2
C6,1181,1894960802.000,0x49,,,,,,
C6,1182,1894968000.000,0x48,,,311,480,,
C6,1183,1894968001.000,0x5d,,,311,480,2,2
C6,1184,1894968002.000,0x49,,,,,,
C6,1185,1894975200.000,0x48,,,311,480,,
C6,1186,1894975201.000,0x5d,,,311,480,2,2
C6,1187,1894975202.000,0x49,,,,,,
C6,1188,1894982400.000,0x48,,,311,480,,
C6,1189,1894982401.000,0x5d,,,311,480,2,2
C6,1190,1894982402.000,0x49,,,,,,
C6,1191,1894989600.000,0x48,,,311,480,,
C6,1192,1894989601.000,0x5d,,,311,480,2,2
C6,1193,1894989602.000,0x49,,,,,,
C6,1194,1894996800.000,0x48,,,311,480,,
C6,1195,1894996801.000,0x5d,,,311,480,2,2
C6,1196,1894996802.000,0x49,,,,,,
C6,1197,1895004000.000,0x48,,,311,480,,
C6,1198,1895004001.000,0x5d,,,311,480,2,2
C6,1199,1895004002.000,0x49,,,,,,
C6,1200,1895011200.000,0x48,,,311,480,,
C6,1201,1895011201.000,0x5d,,,311,480,2,2
C6,1202,1895011202.000,0x49,,,,,,
C6,1203,1895018400.000,0x48,,,311,480,,
C6,1204,1895018401.000,0x5d,,,311,480,2,2
C6,1205,1895018402.000,0x49,,,,,,
C6,1206,1895025600.000,0x48,,,311,480,,
C6,1207,1895025601.000,0x5d,,,311,480,2,2
C6,1208,1895025602.000,0x49,,,,,,
C6,1209,1895032800.000,0x48,,,311,480,,
C6,1210,1895032801.000,0x5d,,,311,480,2,2
C6,1211,1895032802.000,0x49,,,,,,
C6,1212,1895040000.000,0x48,,,311,480,,
C6,1213,1895040001.000,0x5d,,,311,480,2,2
C6,1214,1895040002.000,0x49,,,,,,
C6,1215,1895047200.000,0x48,,,311,480,,
C6,1216,1895047201.000,0x5d,,,311,480,2,2
C6,1217,1895047202.000,0x49,,,,,,
C6,1218,1895054400.000,0x48,,,311,480,,
C6,1219,1895054401.000,0x5d,,,311,480,2,2
C6,1220,1895054402.000,0x49,,,,,,
C6,1221,1895061600.000,0x48,,,311,480,,
C6,1222,1895061601.000,0x5d,,,311,480,2,2
C6,1223,1895061602.000,0x49,,,,,,
C6,1224,1895068800.000,0x48,,,311,480,,
C6,1225,1895068801.000,0x5d,,,311,480,2,2
C6,1226,1895068802.000,0x49,,,,,,
C6,1227,1895076000.000,0x48,,,311,480,,
C6,1228,1895076001.000,0x5d,,,311,480,2,2
C6,1229,1895076002.000,0x49,,,,,,
C6,1230,1895083200.000,0x48,,,311,480,,
C6,1231,1895083201.000,0x5d,,,311,480,2,2
C6,1232,1895083202.000,0x49,,,,,,
C6,1233,1895090400.000,0x48,,,311,480,,
C6,1234,1895090401.000,0x5d,,,311,480,2,2
C6,1235,1895090402.000,0x49,,,,,,
C6,1236,1895097600.000,0x48,,,311,480,,
C6,1237,1895097601.000,0x5d,,,311,480,2,2
C6,1238,1895097602.000,0x49,,,,,,
C6,1239,1895104800.000,0x48,,,311,480,,
C6,1240,1895104801.000,0x5d,,,311,480,2,2
C6,1241,1895104802.000,0x49,,,,,,
C6,1242,1895112000.000,0x48,,,311,480,,
C6,1243,1895112001.000,0x5d,,,311,480,2,2
C6,1244,1895112002.000,0x49,,,,,,
C6,1245,1895119200.000,0x48,,,311,480,,
C6,1246,1895119201.000,0x5d,,,311,480,2,2
C6,1247,1895119202.000,0x49,,,,,,
C6,1248,1895126400.000,0x48,,,311,480,,
C6,1249,1895126401.000,0x5d,,,311,480,2,2
C6,1250,1895126402.000,0x49,,,,,,
C6,1251,1895133600.000,0x48,,,311,480,,
C6,1252,1895133601.000,0x5d,,,311,480,2,2
C6,1253,1895133602.000,0x49,,,,,,
C6,1254,1895140800.000,0x48,,,311,480,,
C6,1255,1895140801.000,0x5d,,,311,480,2,2
C6,1256,1895140802.000,0x49,,,,,,
C6,1257,1895148000.000,0x48,,,311,480,,
C6,1258,1895148001.000,0x5d,,,311,480,2,2
C6,1259,1895148002.000,0x49,,,,,,
C6,1260,1895155200.000,0x48,,,311,480,,
C6,1261,1895155201.000,0x5d,,,311,480,2,2
C6,1262,1895155202.000,0x49,,,,,,
C6,1263,1895162400.000,0x48,,,311,480,,
C6,1264,1895162401.000,0x5d,,,311,480,2,2
C6,1265,1895162402.000,0x49,,,,,,
C6,1266,1895169600.000,0x48,,,311,480,,
C6,1267,1895169601.000,0x5d,,,311,480,2,2
C6,1268,1895169602.000,0x49,,,,,,
C6,1269,1895176800.000,0x48,,,311,480,,
C6,1270,1895176801.000,0x5d,,,311,480,2,2
C6,1271,1895176802.000,0x49,,,,,,
C6,1272,1895184000.000,0x48,,,311,480,,
C6,1273,1895184001.000,0x5d,,,311,480,2,2
C6,1274,1895184002.000,0x49,,,,,,
C6,1275,1895191200.000,0x48,,,311,480,,
C6,1276,1895191201.000,0x5d,,,311,480,2,2
C6,1277,1895191202.000,0x49,,,,,,
C6,1278,1895198400.000,0x48,,,311,480,,
C6,1279,1895198401.000,0x5d,,,311,480,2,2
C6,1280,1895198402.000,0x49,,,,,,
C6,1281,1895205600.000,0x48,,,311,480,,
C6,1282,1895205601.000,0x5d,,,311,480,2,2
C6,1283,1895205602.000,0x49,,,,,,
C6,1284,1895212800.000,0x48,,,311,480,,
C6,1285,1895212801.000,0x5d,,,311,480,2,2
C6,1286,1895212802.000,0x49,,,,,,
C6,1287,1895220000.000,0x48,,,311,480,,
C6,1288,1895220001.000,0x5d,,,311,480,2,2
C6,1289,1895220002.000,0x49,,,,,,
C6,1290,1895227200.000,0x48,,,311,480,,
C6,1291,1895227201.000,0x5d,,,311,480,2,2
C6,1292,1895227202.000,0x49,,,,,,
C6,1293,1895234400.000,0x48,,,311,480,,
C6,1294,1895234401.000,0x5d,,,311,480,2,2
C6,1295,1895234402.000,0x49,,,,,,
C6,1296,1895241600.000,0x48,,,311,480,,
C6,1297,1895241601.000,0x5d,,,311,480,2,2
C6,1298,1895241602.000,0x49,,,,,,
C6,1299,1895248800.000,0x48,,,311,480,,
C6,1300,1895248801.000,0x5d,,,311,480,2,2
C6,1301,1895248802.000,0x49,,,,,,
C6,1302,1895256000.000,0x48,,,311,480,,
C6,1303,1895256001.000,0x5d,,,311,480,2,2
C6,1304,1895256002.000,0x49,,,,,,
C6,1305,1895263200.000,0x48,,,311,480,,
C6,1306,1895263201.000,0x5d,,,311,480,2,2
C6,1307,1895263202.000,0x49,,,,,,
C6,1308,1895270400.000,0x48,,,311,480,,
C6,1309,1895270401.000,0x5d,,,311,480,2,2
C6,1310,1895270402.000,0x49,,,,,,
C6,1311,1895277600.000,0x48,,,311,480,,
C6,1312,1895277601.000,0x5d,,,311,480,2,2
C6,1313,1895277602.000,0x49,,,,,,
C6,1314,1895284800.000,0x48,,,311,480,,
C6,1315,1895284801.000,0x5d,,,311,480,2,2
C6,1316,1895284802.000,0x49,,,,,,
C6,1317,1895292000.000,0x48,,,311,480,,
C6,1318,1895292001.000,0x5d,,,311,480,2,2
C6,1319,1895292002.000,0x49,,,,,,
C6,1320,1895299200.000,0x48,,,311,480,,
C6,1321,1895299201.000,0x5d,,,311,480,2,2
C6,1322,1895299202.000,0x49,,,,,,
C6,1323,1895306400.000,0x48,,,311,480,,
C6,1324,1895306401.000,0x5d,,,311,480,2,2
C6,1325,1895306402.000,0x49,,,,,,
C6,1326,1895313600.000,0x48,,,311,480,,
C6,1327,1895313601.000,0x5d,,,311,480,2,2
C6,1328,1895313602.000,0x49,,,,,,
C6,1329,1895320800.000,0x48,,,311,480,,
C6,1330,1895320801.000,0x5d,,,311,480,2,2
C6,1331,1895320802.000,0x49,,,,,,
C6,1332,1895328000.000,0x48,,,311,480,,
C6,1333,1895328001.000,0x5d,,,311,480,2,2
C6,1334,1895328002.000,0x49,,,,,,
C6,1335,1895335200.000,0x48,,,311,480,,
C6,1336,1895335201.000,0x5d,,,311,480,2,2
C6,1337,1895335202.000,0x49,,,,,,
C6,1338,1895342400.000,0x48,,,311,480,,
C6,1339,1895342401.000,0x5d,,,311,480,2,2
C6,1340,1895342402.000,0x49,,,,,,
C6,1341,1895349600.000,0x48,,,311,480,,
C6,1342,1895349601.000,0x5d,,,311,480,2,2
C6,1343,1895349602.000,0x49,,,,,,
C6,1344,1895356800.000,0x48,,,311,480,,
C6,1345,1895356801.000,0x5d,,,311,480,2,2
C6,1346,1895356802.000,0x49,,,,,,
C6,1347,1895364000.000,0x48,,,311,480,,
C6,1348,1895364001.000,0x5d,,,311,480,2,2
C6,1349,1895364002.000,0x49,,,,,,
C6,1350,1895371200.000,0x48,,,311,480,,
C6,1351,1895371201.000,0x5d,,,311,480,2,2
C6,1352,1895371202.000,0x49,,,,,,
C6,1353,1895378400.000,0x48,,,311,480,,
C6,1354,1895378401.000,0x5d,,,311,480,2,2
C6,1355,1895378402.000,0x49,,,,,,
C6,1356,1895385600.000,0x48,,,311,480,,
C6,1357,1895385601.000,0x5d,,,311,480,2,2
C6,1358,1895385602.000,0x49,,,,,,
C6,1359,1895392800.000,0x48,,,311,480,,
C6,1360,1895392801.000,0x5d,,,311,480,2,2
C6,1361,1895392802.000,0x49,,,,,,
C6,1362,1895400000.000,0x48,,,311,480,,
C6,1363,1895400001.000,0x5d,,,311,480,2,2
C6,1364,1895400002.000,0x49,,,,,,
C6,1365,1895407200.000,0x48,,,311,480,,
C6,1366,1895407201.000,0x5d,,,311,480,2,2
C6,1367,1895407202.000,0x49,,,,,,
C6,1368,1895414400.000,0x48,,,311,480,,
C6,1369,1895414401.000,0x5d,,,311,480,2,2
C6,1370,1895414402.000,0x49,,,,,,
C6,1371,1895421600.000,0x48,,,311,480,,
C6,1372,1895421601.000,0x5d,,,311,480,2,2
C6,1373,1895421602.000,0x49,,,,,,
C6,1374,1895428800.000,0x48,,,311,480,,
C6,1375,1895428801.000,0x5d,,,311,480,2,2
C6,1376,1895428802.000,0x49,,,,,,
C6,1377,1895436000.000,0x48,,,311,480,,
C6,1378,1895436001.000,0x5d,,,311,480,2,2
C6,1379,1895436002.000,0x49,,,,,,
C6,1380,1895443200.000,0x48,,,311,480,,
C6,1381,1895443201.000,0x5d,,,311,480,2,2
C6,1382,1895443202.000,0x49,,,,,,
C6,1383,1895450400.000,0x48,,,311,480,,
C6,1384,1895450401.000,0x5d,,,311,480,2,2
C6,1385,1895450402.000,0x49,,,,,,
C6,1386,1895457600.000,0x48,,,311,480,,
C6,1387,1895457601.000,0x5d,,,311,480,2,2
C6,1388,1895457602.000,0x49,,,,,,
C6,1389,1895464800.000,0x48,,,311,480,,
C6,1390,1895464801.000,0x5d,,,311,480,2,2
C6,1391,1895464802.000,0x49,,,,,,
C6,1392,1895472000.000,0x48,,,311,480,,
C6,1393,1895472001.000,0x5d,,,311,480,2,2
C6,1394,1895472002.000,0x49,,,,,,
C6,1395,1895479200.000,0x48,,,311,480,,
C6,1396,1895479201.000,0x5d,,,311,480,2,2
C6,1397,1895479202.000,0x49,,,,,,
C6,1398,1895486400.000,0x48,,,311,480,,
C6,1399,1895486401.000,0x5d,,,311,480,2,2
C6,1400,1895486402.000,0x49,,,,,,
C6,1401,1895493600.000,0x48,,,311,480,,
C6,1402,1895493601.000,0x5d,,,311,480,2,2
C6,1403,1895493602.000,0x49,,,,,,
C6,1404,1895500800.000,0x48,,,311,480,,
C6,1405,1895500801.000,0x5d,,,311,480,2,2
C6,1406,1895500802.000,0x49,,,,,,
C6,1407,1895508000.000,0x48,,,311,480,,
C6,1408,1895508001.000,0x5d,,,311,480,2,2
C6,1409,1895508002.000,0x49,,,,,,
C6,1410,1895515200.000,0x48,,,311,480,,
C6,1411,1895515201.000,0x5d,,,311,480,2,2
C6,1412,1895515202.000,0x49,,,,,,
C6,1413,1895522400.000,0x48,,,311,480,,
C6,1414,1895522401.000,0x5d,,,311,480,2,2
C6,1415,1895522402.000,0x49,,,,,,
C6,1416,1895529600.000,0x48,,,311,480,,
C6,1417,1895529601.000,0x5d,,,311,480,2,2
C6,1418,1895529602.000,0x49,,,,,,
C6,1419,1895536800.000,0x48,,,311,480,,
C6,1420,1895536801.000,0x5d,,,311,480,2,2
C6,1421,1895536802.000,0x49,,,,,,
C6,1422,1895544000.000,0x48,,,311,480,,
C6,1423,1895544001.000,0x5d,,,311,480,2,2
C6,1424,1895544002.000,0x49,,,,,,
C6,1425,1895551200.000,0x48,,,311,480,,
C6,1426,1895551201.000,0x5d,,,311,480,2,2
C6,1427,1895551202.000,0x49,,,,,,
C6,1428,1895558400.000,0x48,,,311,480,,
C6,1429,1895558401.000,0x5d,,,311,480,2,2
C6,1430,1895558402.000,0x49,,,,,,
C6,1431,1895565600.000,0x48,,,311,480,,
C6,1432,1895565601.000,0x5d,,,311,480,2,2
C6,1433,1895565602.000,0x49,,,,,,
C6,1434,1895572800.000,0x48,,,311,480,,
C6,1435,1895572801.000,0x5d,,,311,480,2,2
C6,1436,1895572802.000,0x49,,,,,,
C6,1437,1895580000.000,0x48,,,311,480,,
C6,1438,1895580001.000,0x5d,,,311,480,2,2
C6,1439,1895580002.000,0x49,,,,,,
C6,1440,1895587200.000,0x48,,,311,480,,
C6,1441,1895587201.000,0x5d,,,311,480,2,2
C6,1442,1895587202.000,0x49,,,,,,
C6,1443,1895594400.000,0x48,,,311,480,,
C6,1444,1895594401.000,0x5d,,,311,480,2,2
C6,1445,1895594402.000,0x49,,,,,,
C6,1446,1895601600.000,0x48,,,311,480,,
C6,1447,1895601601.000,0x5d,,,311,480,2,2
C6,1448,1895601602.000,0x49,,,,,,
C6,1449,1895608800.000,0x48,,,311,480,,
C6,1450,1895608801.000,0x5d,,,311,480,2,2
C6,1451,1895608802.000,0x49,,,,,,
C6,1452,1895616000.000,0x48,,,311,480,,
C6,1453,1895616001.000,0x5d,,,311,480,2,2
C6,1454,1895616002.000,0x49,,,,,,
C6,1455,1895623200.000,0x48,,,311,480,,
C6,1456,1895623201.000,0x5d,,,311,480,2,2
C6,1457,1895623202.000,0x49,,,,,,
C6,1458,1895630400.000,0x48,,,311,480,,
C6,1459,1895630401.000,0x5d,,,311,480,2,2
C6,1460,1895630402.000,0x49,,,,,,
C6,1461,1895637600.000,0x48,,,311,480,,
C6,1462,1895637601.000,0x5d,,,311,480,2,2
C6,1463,1895637602.000,0x49,,,,,,
C6,1464,1895644800.000,0x48,,,311,480,,
C6,1465,1895644801.000,0x5d,,,311,480,2,2
C6,1466,1895644802.000,0x49,,,,,,
C6,1467,1895652000.000,0x48,,,311,480,,
C6,1468,1895652001.000,0x5d,,,311,480,2,2
C6,1469,1895652002.000,0x49,,,,,,
C6,1470,1895659200.000,0x48,,,311,480,,
C6,1471,1895659201.000,0x5d,,,311,480,2,2
C6,1472,1895659202.000,0x49,,,,,,
C6,1473,1895666400.000,0x48,,,311,480,,
C6,1474,1895666401.000,0x5d,,,311,480,2,2
C6,1475,1895666402.000,0x49,,,,,,
C6,1476,1895673600.000,0x48,,,311,480,,
C6,1477,1895673601.000,0x5d,,,311,480,2,2
C6,1478,1895673602.000,0x49,,,,,,
C6,1479,1895680800.000,0x48,,,311,480,,
C6,1480,1895680801.000,0x5d,,,311,480,2,2
C6,1481,1895680802.000,0x49,,,,,,
C6,1482,1895688000.000,0x48,,,311,480,,
C6,1483,1895688001.000,0x5d,,,311,480,2,2
C6,1484,1895688002.000,0x49,,,,,,
C6,1485,1895695200.000,0x48,,,311,480,,
C6,1486,1895695201.000,0x5d,,,311,480,2,2
C6,1487,1895695202.000,0x49,,,,,,
C6,1488,1895702400.000,0x48,,,311,480,,
C6,1489,1895702401.000,0x5d,,,311,480,2,2
C6,1490,1895702402.000,0x49,,,,,,
C6,1491,1895709600.000,0x48,,,311,480,,
C6,1492,1895709601.000,0x5d,,,311,480,2,2
C6,1493,1895709602.000,0x49,,,,,,
C6,1494,1895716800.000,0x48,,,311,480,,
C6,1495,1895716801.000,0x5d,,,311,480,2,2
C6,1496,1895716802.000,0x49,,,,,,
C6,1497,1895724000.000,0x48,,,311,480,,
C6,1498,1895724001.000,0x5d,,,311,480,2,2
C6,1499,1895724002.000,0x49,,,,,,
C6,1500,1895731200.000,0x48,,,311,480,,
C6,1501,1895731201.000,0x5d,,,311,480,2,2
C6,1502,1895731202.000,0x49,,,,,,
C6,1503,1895738400.000,0x48,,,311,480,,
C6,1504,1895738401.000,0x5d,,,311,480,2,2
C6,1505,1895738402.000,0x49,,,,,,
C6,1506,1895745600.000,0x48,,,311,480,,
C6,1507,1895745601.000,0x5d,,,311,480,2,2
C6,1508,1895745602.000,0x49,,,,,,
C6,1509,1895752800.000,0x48,,,311,480,,
C6,1510,1895752801.000,0x5d,,,311,480,2,2
C6,1511,1895752802.000,0x49,,,,,,
C6,1512,1895760000.000,0x48,,,311,480,,
C6,1513,1895760001.000,0x5d,,,311,480,2,2
C6,1514,1895760002.000,0x49,,,,,,
C6,1515,1895767200.000,0x48,,,311,480,,
C6,1516,1895767201.000,0x5d,,,311,480,2,2
C6,1517,1895767202.000,0x49,,,,,,
C6,1518,1895774400.000,0x48,,,311,480,,
C6,1519,1895774401.000,0x5d,,,311,480,2,2
C6,1520,1895774402.000,0x49,,,,,,
C6,1521,1895781600.000,0x48,,,311,480,,
C6,1522,1895781601.000,0x5d,,,311,480,2,2
C6,1523,1895781602.000,0x49,,,,,,
C6,1524,1895788800.000,0x48,,,311,480,,
C6,1525,1895788801.000,0x5d,,,311,480,2,2
C6,1526,1895788802.000,0x49,,,,,,
C6,1527,1895796000.000,0x48,,,311,480,,
C6,1528,1895796001.000,0x5d,,,311,480,2,2
C6,1529,1895796002.000,0x49,,,,,,
C6,1530,1895803200.000,0x48,,,311,480,,
C6,1531,1895803201.000,0x5d,,,311,480,2,2
C6,1532,1895803202.000,0x49,,,,,,
C6,1533,1895810400.000,0x48,,,311,480,,
C6,1534,1895810401.000,0x5d,,,311,480,2,2
C6,1535,1895810402.000,0x49,,,,,,
C6,1536,1895817600.000,0x48,,,311,480,,
C6,1537,1895817601.000,0x5d,,,311,480,2,2
C6,1538,1895817602.000,0x49,,,,,,
C6,1539,1895824800.000,0x48,,,311,480,,
C6,1540,1895824801.000,0x5d,,,311,480,2,2
C6,1541,1895824802.000,0x49,,,,,,
C6,1542,1895832000.000,0x48,,,311,480,,
C6,1543,1895832001.000,0x5d,,,311,480,2,2
C6,1544,1895832002.000,0x49,,,,,,
C6,1545,1895839200.000,0x48,,,311,480,,
C6,1546,1895839201.000,0x5d,,,311,480,2,2
C6,1547,1895839202.000,0x49,,,,,,
C6,1548,1895846400.000,0x48,,,311,480,,
C6,1549,1895846401.000,0x5d,,,311,480,2,2
C6,1550,1895846402.000,0x49,,,,,,
C6,1551,1895853600.000,0x48,,,311,480,,
C6,1552,1895853601.000,0x5d,,,311,480,2,2
C6,1553,1895853602.000,0x49,,,,,,
C6,1554,1895860800.000,0x48,,,311,480,,
C6,1555,1895860801.000,0x5d,,,311,480,2,2
C6,1556,1895860802.000,0x49,,,,,,
C6,1557,1895868000.000,0x48,,,311,480,,
C6,1558,1895868001.000,0x5d,,,311,480,2,2
C6,1559,1895868002.000,0x49,,,,,,
C6,1560,1895875200.000,0x48,,,311,480,,
C6,1561,1895875201.000,0x5d,,,311,480,2,2
C6,1562,1895875202.000,0x49,,,,,,
C6,1563,1895882400.000,0x48,,,311,480,,
C6,1564,1895882401.000,0x5d,,,311,480,2,2
C6,1565,1895882402.000,0x49,,,,,,
C6,1566,1895889600.000,0x48,,,311,480,,
C6,1567,1895889601.000,0x5d,,,311,480,2,2
C6,1568,1895889602.000,0x49,,,,,,
C6,1569,1895896800.000,0x48,,,311,480,,
C6,1570,1895896801.000,0x5d,,,311,480,2,2
C6,1571,1895896802.000,0x49,,,,,,
C6,1572,1895904000.000,0x48,,,311,480,,
C6,1573,1895904001.000,0x5d,,,311,480,2,2
C6,1574,1895904002.000,0x49,,,,,,
C6,1575,1895911200.000,0x48,,,311,480,,
C6,1576,1895911201.000,0x5d,,,311,480,2,2
C6,1577,1895911202.000,0x49,,,,,,
C6,1578,1895918400.000,0x48,,,311,480,,
C6,1579,1895918401.000,0x5d,,,311,480,2,2
C6,1580,1895918402.000,0x49,,,,,,
C6,1581,1895925600.000,0x48,,,311,480,,
C6,1582,1895925601.000,0x5d,,,311,480,2,2
C6,1583,1895925602.000,0x49,,,,,,
C6,1584,1895932800.000,0x48,,,311,480,,
C6,1585,1895932801.000,0x5d,,,311,480,2,2
C6,1586,1895932802.000,0x49,,,,,,
C6,1587,1895940000.000,0x48,,,311,480,,
C6,1588,1895940001.000,0x5d,,,311,480,2,2
C6,1589,1895940002.000,0x49,,,,,,
C6,1590,1895947200.000,0x48,,,311,480,,
C6,1591,1895947201.000,0x5d,,,311,480,2,2
C6,1592,1895947202.000,0x49,,,,,,
C6,1593,1895954400.000,0x48,,,311,480,,
C6,1594,1895954401.000,0x5d,,,311,480,2,2
C6,1595,1895954402.000,0x49,,,,,,
C6,1596,1895961600.000,0x48,,,311,480,,
C6,1597,1895961601.000,0x5d,,,311,480,2,2
C6,1598,1895961602.000,0x49,,,,,,
C6,1599,1895968800.000,0x48,,,311,480,,
C6,1600,1895968801.000,0x5d,,,311,480,2,2
C6,1601,1895968802.000,0x49,,,,,,
C6,1602,1895976000.000,0x48,,,311,480,,
C6,1603,1895976001.000,0x5d,,,311,480,2,2
C6,1604,1895976002.000,0x49,,,,,,
C6,1605,1895983200.000,0x48,,,311,480,,
C6,1606,1895983201.000,0x5d,,,311,480,2,2
C6,1607,1895983202.000,0x49,,,,,,
C6,1608,1895990400.000,0x48,,,311,480,,
C6,1609,1895990401.000,0x5d,,,311,480,2,2
C6,1610,1895990402.000,0x49,,,,,,
C6,1611,1896009302.000,0x55,1,,,,,
C6,1612,1896009303.100,0x56,,,310,240,,
C6,1613,1896009347.000,0x55,1,,,,,
C6,1614,1896009348.100,0x56,,,310,240,,
C6,1615,1896009395.000,0x44,,15,,,,
C6,1616,1896009420.000,0x5d,,,311,480,2,2
C6,1617,1896010802.000,0x55,1,,,,,
C6,1618,1896010803.100,0x56,,,310,240,,
C6,1619,1896010847.000,0x55,1,,,,,
C6,1620,1896010848.100,0x56,,,310,240,,
C6,1621,1896010895.000,0x44,,15,,,,
C6,1622,1896010920.000,0x5d,,,311,480,2,2
C6,1623,1896015600.000,0x48,,,311,480,,
C6,1624,1896015601.000,0x5d,,,311,480,2,2
C6,1625,1896015602.000,0x49,,,,,,
C6,1626,1896017400.000,0x48,,,311,480,,
C6,1627,1896017401.000,0x5d,,,311,480,2,2
C6,1628,1896017402.000,0x49,,,,,,
C6,1629,1896019200.000,0x48,,,311,480,,
C6,1630,1896019201.000,0x5d,,,311,480,2,2
C6,1631,1896019202.000,0x49,,,,,,
C6,1632,1896021000.000,0x48,,,311,480,,
C6,1633,1896021001.000,0x5d,,,311,480,2,2
C6,1634,1896021002.000,0x49,,,,,,
C6,1635,1896022800.000,0x48,,,311,480,,
C6,1636,1896022801.000,0x5d,,,311,480,2,2
C6,1637,1896022802.000,0x49,,,,,,
C6,1638,1896024600.000,0x48,,,311,480,,
C6,1639,1896024601.000,0x5d,,,311,480,2,2
C6,1640,1896024602.000,0x49,,,,,,
C6,1641,1896026400.000,0x48,,,311,480,,
C6,1642,1896026401.000,0x5d,,,311,480,2,2
C6,1643,1896026402.000,0x49,,,,,,
C6,1644,1896028200.000,0x48,,,311,480,,
C6,1645,1896028201.000,0x5d,,,311,480,2,2
C6,1646,1896028202.000,0x49,,,,,,
C6,1647,1896030000.000,0x48,,,311,480,,
C6,1648,1896030001.000,0x5d,,,311,480,2,2
C6,1649,1896030002.000,0x49,,,,,,
C6,1650,1896031800.000,0x48,,,311,480,,
C6,1651,1896031801.000,0x5d,,,311,480,2,2
C6,1652,1896031802.000,0x49,,,,,,
C6,1653,1896033600.000,0x48,,,311,480,,
C6,1654,1896033601.000,0x5d,,,311,480,2,2
C6,1655,1896033602.000,0x49,,,,,,
C6,1656,1896035400.000,0x48,,,311,480,,
C6,1657,1896035401.000,0x5d,,,311,480,2,2
C6,1658,1896035402.000,0x49,,,,,,
